Gene,Average,Normalised avg,3UTR,5UTR,Quintile,Tertile,3UTR MFE,3UTRL
atpA,11.88,0.832,tttttaattaagtaggaactcggtatatgctcttttggggtcttattagctagtattagttaactaacaaaagatcaatattttagtttgttttatatattttattacttaagtagtaaggatttgcatttagcaatcttaaatacttaagtaataatctataaataaaatatattttcgcttta,attttaatgcttatgctatcttttttatttagtccataaaacctttaaaggaccttttcttatgggatatttatattttcctaacaaagcaatcggcgtcataaactttagttgcttacgacgcctgtggacgtcccccccttccccttacgggcaagtaaacttagggattttaatgcaataaataaatttgtcctcttcgggcaaatgaattttagtatttaaatatgacaagggtgaaccattacttttgttaacaagtgatcttaccactcactatttttgttgaattttaaacttatttaaaattctcgagaaagattttaaaaataaacttttttaatcttttatttattttttctttttt,5,3,-31.30,185
atpB,11.62,0.814,ttggctctttaagaagaaaacaacttaatggtgtccaaatatttattttaattacacataaaaaattaaa,tcatattttaacttattttacttaaattcttacgtataaaccccgaaggaaactttatcttaggtaatttgaaataagaacctcctccttccccttcgggcaagtaaacttagcatgtttacatactccgaaggaggacgccagtggcagtggtatcgccactgcctagtatgtaaacattgtggctttactttcaaaaaggcacctttaactgagagtgtaacttgttataaatttaaaatttatataaaaggaagctcaaacatatagtagaatttatatataaaaagtattattcactaacgcttattttttagttttt,5,3,-4.90,70
atpE,11.36,0.796,ttagatctatgtatttacccaaagagtatactgttcaactctatcagacttgaatagctctagataattttacaaaccctctaataggaacatatactactttcttattagggatttgttgataagttgaaa,aataaaaaaaaataaaacttctaaaagcgataaagctagaacattctttagagctgttctagtaaactatttgagttcaacacctgctctactctgttttagataattagtacataatataaatgtaaagtattaaataaaattgctttaaaggtgcttctttacctagattttaaaaataaaatatctattaaaaaccataatttatatatttaatatgttatacaaaatagcaattttcaatagtttattgttagactaaaataagaaaaaaaataactgtatgtttcttatggtaatcacactagaaccttttgtcggtggatatgaatattccgatatatggcaattgaccatagtctcgcgaagagcctagatgcaaaaagtggaatttaagattttacttaaaatattctgaactatactttaatagatacacttccaaattgtttaaccatatgataaacgcctgtgctctatttacggcatgatatttatatagttaaagaaaaacacgagtaatattctgtaaagaaagttatgcatttactgaaacaggaatgccaactgtctggtggcagaggatgcaatttagttaccgcgcttaaaggctaacccctttggaattgcaatgctcctattgtatattatattgcgtaagtaggaacgtgctatttatatacccaaagctgcggtgataaaatttatttactgcgctagcaggtttacatactaggattttaatcctaggcagtggtggtaccactgcctagta,4,3,-30.10,132
atpF,9.68,0.678,tttttaataaagcttactaacgaattacactaactttactgtattttaggtaaatttgtagtggcaggaacgccatagatatttatatactccgaaggacgtccccttcggagtattaaaatagaataaaatttatttgctgcgctagcaggtttacatactaggattttaatactccgaaggaggcagtggcggtaccactgccactggcgtcctccttcggagtatgtaaacattctaagtttacttgcccgaaggagaaggaggacgtccccttacgggacgccagtgaatatttatatactccgaaggaacttgttagctgataggcgaggcaactgcctccttcggagtatataaatattcactaaattttatttgcccgaaggggacgtcctagtatatacattaaaatgtattctttcttggagacataccttggcgtaggtaaacctgctaacgatatttatatactccgttaaaataccccttaacgggttagtaaactgcatactaatgcattctgctttcttctgtaaaaacgtcaatacctgacagacaaataaattgttttggagtatatatatttaaaaaaaattactactacctgcctttatttaaggtaatt,aaataaatttgacttagcttaaatttcagtatatttatatacacaaaaaaacgctcagtttttatttacttactttcgaagttgcaaaggagtgaaaaggtaccttttgagtaactaacacaatgtagttgcccgttaggggtttctcataaccaggcattcgaaaggttacagctcaaggtaagacaggcatttattagctgcactgctaccaaaaatgtcaaggtttcttgttaagagatttcactgtcctaaatgcaaactcttgggtataaaaatttttcactaggacagttcctgacacacttaagtgtgtcagtgactgttcgcaactccctttagggagttgctcacagttcaaagtattttatttttggattaggttttactaaaacttaatagtgcttatttaactaaagcaatttacttgattgatttcatatggtttttaggtagtagacagttttagtgctgcttgtcaaaactgtaacctaggttgtttccttaattgcaaggggttagaatcttgtttttgagtgagttaaactataggtttatctaccattgaggggtggcactagcaggcttacatgctctgaaaaaggacactagcggcagtggtatgccactgcctcctttgatgccttcggcatccccttacgagacgtccccttccggattttaatgcaataaataaatttgtccccttcgggcaaataaattttagtggcaggcaactgcctccttcggagtatataaatagaataaaataggcagtggcggtactactgccactaatatttatattcccgtaaggggacgtcctagtatataaatatacattgccgtcctaggttcgttgacttacctttcgggacagccccgcaaccataaaaatatttttgtaagaagatagttgatggcagataaatccttagaagttatcaagttaaatattagtttttaaaagatttttcttattttt,3,2,-230.60,628
atpH,13.85,0.971,ttttaaatttacatgttgtaaaggatatctatagaaatgggagttagtcttccgttatcatatagagataccctttacaacgatttcttatgggtacataacaacttggcatacccactaagagaatttttatatatatttattgaatttttattttttggtaacaactttaaaaaaattttagttactatagagatttgttagactgttaaaaaaaccactgcctttggtgcttcctttctggctgtttggtattggctaacgcactataaagggtatttttcgggaaagttgatattctggtagtctcttacgagaatatatatatttattacgttcgcttgcttgttacgaagtaaagcatcgagtaaattaattgggatcacttatcccaaggagatatgcatatttctgaaaaaggacaactaactactgggggtgtttcttcctctgactaaaacttacatttattacgcaattggatattgatgtgtctaacggagaagtgaacagctattaacaaatagctgaatttctgcaaaatgttaacacgtgcttaacaatagacaatagatataacatcattatttttatttttgtctttagtcaaaaataagttttaaaattaaaataatatacgggtttttaaacgtcaaagttgctaaaagcgattaactctggtaagcactttttgtgagcttaggcaaaaatattaacgtaccgacaccaaatttacgttataaacacataaataacgcaggatttggtcctctgttgatataactttaaattctctgtatccttttacaaaaacttgtttgcttgcctacaagagcacaaccaattcctcacccttcgggtatccccatatctataacatcaggcaaactaagttttctaaggatgccattgttttttacagatagcattggtcatgctacgttttaggccaatcattgggctgctgcgcagccttgaaagtgaga,tcggataaaacatattatgaccgtataatgtttttccaccattgaaacaaccaaagaatataatattctttggttgttatcgattttattgattcatttaggaggaaataca,5,3,-206.40,986
atpI,10.96,0.768,taaagttaataagattttaatttaagttctatattatcaactacttactagttgataatatagaacttaaatataaaagttttaatttttcttaatatgtagttggcagttattctaaattaaactaggtaaaagatttcacttcttttagctagaaaaaaaga,aaaaatgtaataaaattcttaccaattattggaaagatattaatatttttaataataaccactataaataatgaccagttattatctatttttttaaacaattgtacttacgtattatattgctgtgcatgtgacagaagaatatggtgaatacaaagatagttctctacctaaaagcgattacagtattaaacaggtgagtcctttaaaaaggtggtaagattatagcattcccaaaaatgatgtatatttgcaagcaagaacaattctagctttagcagtattaggaactccatatttgagtgtctcttttttggataacttatgctgtttaacagcctcacagtttgcca,4,3,-39.80,164
ccsA,6.62,0.464,acccctcagccaaaaggtatgattggcagtgcctttactcgataaaccctttggaaatttaattgcccttaaaagaaaagactaaaaatgtttgctacccaggcagtagcgggatttgaaatactccgtacagcagacgtccccttacgggacgtcagtggatatttatatactccgaaggaggcagttgcctgccaactgccgatatttatatactgcgataaactttagttgcccgaaggggtttacatactaggcagtggcggtaccactgccactggcgtcctccttcggagtatgtaaactacttgcccgaaggggaaggaggaagcaggcagtggcggtaccactgccccttacgggatccaattgattggctgctgtgcagccccaaagtagaagggtacgccagtggacgtcagtggcaggcaactgcctccttcggagtatataaatatcggcagttggcaggcaactgccactgacgtccacttaaatttatttgcccgaaggggacgtccactggcgtaccgtaaggggaaggggacacccactggcgtcccgaaaggattagccaatgggcgaggccactgcttcagctactaaagttttaaagtggtctgttggaccatcaaattcatatggcatgtaatactcctaacgctaatgcctggctttagggtcagtttactgacccaaaaacctgttaatagcttgttaaacccttctttcccttttggagtatatcactatcacaaaggggcgtcagatggagttagtaaactttttaaagtgaacaagaatcacagatgtaataagcttattaagtaaagcttagaaaaattgttttaataactaacaaaactttaaaagttcaaaaattttaatgttatgtataatatt,aagaaatatatttagatttatttttataaaatagattataagaaactagtttattaaaattgtgagaccatgagtaatgttcctccctttataggagattgacattctttgaaaaagatttaaaacaaagtagcaaaaccattccccgagaaaaagtaaaccctttgttaggaacttaggcagaattatatcctaacagagcatgtatatcgcaaaggggaagaggcttgtcagagctttatttttaaaatttattgtgtaattcaccatatgcatttctcttacagggatgtcttttaaccagttttatgtcactgtttagttcaaaaactaccaattcttaa,2,1,-347.50,903
cemA,6.46,0.452,tacaaccaaataggtttcaatagaagcttttcaagttattttgacttataccatgtattgaccaacacttaaatgcatttctacaaaggatatactttaaatgggaatcctt,tatttatatagccaaatgttatcaagcttagccacgggaaacgccattttataaataaaccaaataccctttatttaaacccgcttctttaaatttaaatgcattttgacaagggtcctagcatagttacttgtaagtttaaagattgtgttgtatcgatttcgacacattcatataactttcttttttttatttcaaaattttttttttcaattatttt,1,1,-15.00,112
chlB,7.27,0.509,aaataatctaaattttcaggatgaaatactgcgctagcgggcagtcac,acacagtttaaaataattttagctttttatagcgtacttttagatttgaatttaagtaaaaaaacaaaattgagacttaaccaaaatgtaatggataccttattttgtttattaaaaccatttctttgccatgaacatacttaataagtggtttgttgctgaagaagatcccccttctatagaaacatcctaggaaactaaaagctgtttctccgccttagatagacattggcgttgaccttaagggggttcatctcgctttttttgctgttttacagctttaaagagttttaactaccactatcagcctggaaatgtgcgttttgactacaaaataacatttt,2,1,-5.30,48
chlL,7.75,0.543,taagaataaagcagctttaaatactttcctgtttataatttaggaaattaaatggatatttgttgaaactaatccccagttggatacccattggtagttaattgccactgcctgcttcaccttacaaaatgtatggacacaaaacggctaataaatacagactcccggtggcatttgttggctgcttcgccctgaaaggagaaagtgatttctttccttattagctaatctattctttttcctgttttggtaaataatagcgtcctcatatccatatctataacaaaaagttaaatgt,aattcaaaagttttaatattatacaattgaactattatgtattaaatataagaatgtcacctcttaccatatttctatactccaaagtaactttttacataaatgtcccctctggggctgcctccttccccttccccttcgggtatataaatatagggcaagtaaacttagcataaactttagttgcccgaaggggtttacatactccgaaggaggacaaatttatttattgtggtacaataaataaattgtatgtaaacccctttcgggtaactaaagtttatcacggcaataagtttctgcttacgcagtattatatctgacgcagtattatataagaagttggcaggataaaaatgtgtaagtatggcaatcttttaaaatagtgttcaattcatttaaggcagataaaaagaaaaaagtccacaggatttaattttgaatagttctctatcaaaaaaaggtttgccgaaca,2,1,-64.70,298
chlN,8.37,0.587,tataaatcccaaaagattttttttataatactgagacttcaacacttacttgtttttattttttgtagttacaattcactcacgttaaagacattggaaaatgaggcaggacgttagtcgatatttatacactcttaagtttacttgcccaatatttatattaggacgtccccttcgggtaaataaattttagtggcagtggtaccaccactgcctattttaatactccgaagcatataaatatacttcggagtatataaatatccactaatatttatattaggcagttggcaggcaacaataaataaatttgtcccgtaaggggacgtcccgaaggggaaggggaagaaggcagttgcctcgcctatcggctaacaagttcctttggagtatataaccgcctacaggtaacttaaagaacatttgttacccgtaggggtttatacttctaattgcttcttctgaacaataaaatggtttgtgtggtctggctaggaactgtaaaatgtgtatgtcctttcgcttccccttcgggacgtccccttcgggtaagtaaacttaggagtattaaatcgggacgtccccttcgggtaaataaatttcagtggacgtccccttacgggacgccagtagacgtcagtggcagttgcctcgcctatcggctaacaagttccttcggagtatataaatatagaatgtttacatactcctaagtttacttgcctccttcggagtatataaatatcccgaaggggaaggaggacgccagtggcagtggtaccgccactgcctgcttcctccttcggagtatgtaaaccccttcgggcaactaaagtttatcgcagtatataaatataggcagttggcaggcaactgccactgacgtcctattttaatactccgaaggaggcagttggcaggcaactgccactgacgtcccgtaagggtaaggggacgtccactggcgtcccgtaaggggaaggggacgtaggtacataaatgtgctaggtaactaacgtttgattttttgtggtataatatatgtaccatgcttttaat,tgacttgtaaaaatatgacgtctttttcctttggtttatagtatttggaaaagcaaaatgtttagacatctggtttaaagacagtatactacttgattgcacttttggccgtatagtagatcataggttaaaaggctatttgtacataagtagacttttacattttaatttttttgtaagtttgaatacatttagttaattaagttttagatttttaaattaaaaagctcccttgtatgaggaagtaggttgtcccacagggattgcttaaaatctaacaaaaatacatttccgttaaattaagatgggtgtagcatctcgctgctatacttcaccaaaagatcttacttccacataccctgtttgtgaccaagtaagtgtttacttttagatttaacgtgtttataacatttaagtaattat,2,2,-437.30,1059
clpP,7.79,0.546,ccttaatataaaaacgaatatatatgtaacctgcggtcaagctatagaccagttagagtaatatcttatgcaagctacacaactaaaagatgaattccatatta,aaattactttgttaataaaatgttgtgttttattaatactagtctaatatcctagtagatagagcttttatttgcacgtaaataagctctgcgagtgctactgtaaaaattaaagtaccgtttacaggctcctttgaagcaaataaaaattttaaaccaaaatggtttaaaaaatagataaattcaaacaaatattggctctacgttaaacttaaa,2,1,-20.00,104
petA,11.03,0.773,tatttaattttttgtagggctgctgtgcagctcctacaaattttagtatgttatttttaaagtttgatatactgaaaacaaagttctacttgaacgatatttagcttttaatgctataatatagcggactaagccgttggcaatttagctgccaattaattttattcgaaggatgtaaacctgctaacgatatttatatataagcattttaatactccgagggaggcctctaacctttagcaagtaagtaaacttccccttcggggcagcaaggcagcagatttaaattctccaaaggaggcagttgatatcagtaaaccccttcgatgactctggcattgatgcaaagcatggggaaactaaagttcctccactgcctccttccccttccctttcgggacgtccccttccccttacgggcaagtaaacttagggattttaatgcaataaataaatttgtccccttacgggacgtcagtggcagttgcgaagtattaatattgtatataaatatagaatgtttacatactccgaaggaggacgtcagtggcagtggtaccgccactgcctattttaatactccgaaggaggcagtggtggtcccactgccactaaaatttatttgcccgaaggggacgtcctgccaactgccgaggcaaatgaattttagtggacgtccccttacgggacgtcagtggcagttgcctgccaactgcctccttccccttcgggcaagtaaacttgggagtattaacataggcagtggcggtaccacaataaattaatttgtcctccttccccttcgggcaagtaaacttaggagtatgtaaacattctatatttatatactcccatgctttgccccttaagggacaataaataaatttgtccccttcgggcaaataaatcttagtggcagttgcaaaatattaatatcgtatataaatttggagtatataaataaatttggagtatataaatataggatgttaatactgcggagcaggcagtggtggtaccactgccactaaaatttatttgcccgaaggggacgtcctgccaactgccgatatttatatattcctaagtttacttgccccatatttatatattcctaagtttacttgccccatatttatattaggacgtccccttcgggtaaataaattttagtggacaaatttatttattgttgcctgccaactgccgatatttatatactcctaagtttacttgcccgaaggggaaggaggcagtggtaccgccactgcctgcttcctccttccccttccccttacgggcaagtaaacttagggatatttatatacaataaataaatttgtccccttacgggacgtccccttcgagcaaatgaattttagtggcagttgcctgccaactgccgatatttatatactccgaagtttacttgcccgaaggggaaggaggcagttgcctgccaactgcctaggcaagtaaacttcggagtatgtaaaccccttccccttcgggacgtccccttacgggaatataaatattagtggcagttgcctgccaactgcctccttcggagtattaaa,aaaaaaaataaaatttaaatagtaattatgaatgtaaattacttatgcttactttttcagctagaataaacttgttgaggctgcttagttgcactttcctcgtacccgtatgggtaggggtttatccacgaaaaaattctattttaaaataggagtccagttgaaaagcaactggaatccccttatagataaattaatatctattttaaaattgaatagtttttattctagtttcgttttaagattaataaaatt,4,3,-677.00,1580
petB,10.18,0.713,gggtaaataaacttcaatggccaactgccttggaaacttacgtagcagcctaaaaaaagctagtcttatatccgaagcaagtaaaagaaatggatattaaata,ataaaatttttataagattgtgacatgaccattaggctttcttaagactaaaaaaatgtgtagcttaattatttaaa,4,2,-17.00,103
petD,11.54,0.809,tctaaaattttaaatttccct,cattagaaatacagcataattggagtaaaagaaaaatattaaacttttacattgaaaagtttatggcgttttggctttataaaataaaaaacttttcggaacggctaaaccatatttattatcattaaaatttatttgcccgaaggggacgtatccgaaatagaacaaatgccaaaatctactaaattagattaaaatagttttaaaaatggatagatttaaataaaaaacagaagtaaaatgtaattctgtccctttttacagggtggtatctctaaaaaccagggcttgcccaatcaacaatttaaagcttatttagttttattgaaaattaacggataaataaat,4,3,0.00,21
petG,10,0.701,tatttataaactaaactacctccaatgaaagaggtagtttataacccaatcaaaatgttttaccttttcttcttctatggacggaatacaaataacaattgcattgttactctcgactggtttctagctttactgtcaggtgtttatattatgctactgtaccttttcccaagcaagaatatacttaaggtatagaaatataaacaagcatcccgaagaaaaaaggggttattttctatgtttattacactaaagacatttgatttggtttaatctatataattgaaaatagctttattcttttattaacgtatgggaaccttttactgtttagtttgtttttgcctatttgtaaaggtctatttaaatatatcctttttgctttgccgcaactaaaaagtt,tattttaacagttttaagaacataaaatatattttttggttaggagatttttttgaatttataaaactttagtacattatcattatatggtaccaataacaaacttcttatttattttgttggtagtctcttcgggacatctttttttgataataccaccctatctccctatggagaaagcactttaagtggtacacgttagatattatttatacgagtaaagttctaaattcaaaatattttactttttttcaatt,3,2,-75.60,402
petL,4.98,0.349,tttattaatgagtaaaaccacgctaatgggtttttactactacattttttatatataattgtaagagcacagcaacgtgctcttacattttccggttatttaagtacctaactaaattcaaataaatgcgttaagtttgagactgcaaagctgccagtgtctagaaacaaaaagatccactttttttctctattttgttatgca,atatccatattttt,1,1,-44.70,204
psaA1,9.61,0.673,gtgcgacctgaaataaggatttgactaattaaatataaaaatttttaactaaaataagctgaaaaagcttattttagttttaa,aaaaaaaactatttgtctaatttaataaccatgcattttttatgaacacataataattaaaagcgttgctaatggtgtaaataatgtatttattaaattaaataattgttattataaggagaaatcc,3,2,-16.20,83
psaB,10.01,0.701,tgtaatgtactttatttactacctcatcagatcagcatatacgtgcgacccgatgtggtacttttaaatcggttagac,taattttaaagtaacaacaccgtttaaagcagaggaaaaattacaaaattaattctaaattaattttaatggtagctatcttaaaaccttagatgttactaattcgtgattagtttatgaagaatggaacaaacactgcattagaaaaaactaaaccaagtctatttgtttagtttatatttgattttatatttatcataagacaacacccttcgaaagataagcggtaaaaaatctaccatatttatgggaattcaaaattgcgcagaatcgaagggtatgtcttcgaagcatatgcagttgggtaaggcacttgtcctcttatacttcagaaatataaagtatactcaaatgttactcgtggatggctttggtatttaggcgtagcatgcagtaaatatatggccaatggctcctcttttagcaagttctcaacttaaaatgcaatctcttaacgagaatctaaagctcagaaatatatttgaattaaaatttcccacaggattatggcgtagtcataatatcaactaaaaaatctttttaaattttaaaatttacttttttacgcttttgtatgcaaagtttgctttgcacctgaatagttttattaaatttttatttaatggtagtttaatagtagtaatttacttcaattaaacaaaaaaaatcctaattgtttatccctttaaaagagcgcttaaagtttttttacttagtgaagtaaaaataccgctcccttctggtattttttcttttgatttaacaattagcattttaaccttttacttttctctcagtgttatactgcttaaaagtttttaggtcattagataatatttaataatattacatatagggagtaagacaatttt,4,2,-20.20,78
psaC,11.57,0.811,ttttttaattcacttggcgtttaaaaaacctttaaaaaagggagtatcttggtgagatcctccataaattttaaattaggtagcctcttcctttgggtacatttattaatataaatgtgcccaaagttcttaacaagaaaatataaattcccataaacttttggcttatttaattggaacgtttacttttaaaaactatataaaaattaaacaacttacaaagttggtttaaagtatctatttaatgtttttcaatcattttaataaataaatgacatgcacaagaaccttattagttttaaatcgcatgttagctttaaaagctaactttgttttgcactctgtgaaatcttatttgaatgtgtcaggggttaacaagactcttccagccaaaggcagtgccggtgtaaaaaacggctttattctatcccatttaggatgccaatgacagttagaaagccttgatattcctaaagcagtcaagcatcactattaaattgttcacagtccgcatattttatttgatctttttgagaagataaaaattaccttccgcttttgcaaaaatttagccgaagagtttgatttaaactaattcagttaaaaatgatttttgattttaatt,gagaaatatatgcgccgcaaggcgcactgccactgcttaatataaataccttgtttaaagtcgattctcaatcttctttttgatatggagatgacatatttagcacaacgcaaaaatatagcatctttaaaaattaacttaaaatttaaat,5,3,-127.60,625
psaJ,7.81,0.547,taaattagctaacaaaaatttatagtagtatactaataaaaatgattccacatcatgtatagtttgaaatagcttatttcaccgtgagggtaaataaatgtgactgacacactccagtgtgtcagtcataattatcaggttatccacaattttaa,aaagtaattcttaattcttaaagtaacgacataaaataaaaaactagttcaaagaatgcataatttagtattttagtagatttaaatattaactttaacagttatgcgtaaagagtgaattgcttaatgcattaagcttagttaatgttaactatatcattcat,2,2,-34.00,155
psbA1,12.1,0.848,gtatggttaaccagatttattttagtttaaaaaaaaa,atgttaatttttttaaagttttaat,5,3,-1.40,37
psbA2,12.34,0.864,gtatggttaaccagatttattttagtttaaaaaaaaa,atgttaatttttttaaagttttaat,5,3,-1.40,37
psbA3,11.98,0.839,gtatggttaaccagatttattttagtttaaaaaaaaa,atgttaatttttttaaagttttaat,5,3,-1.40,37
psbA4,12.13,0.85,gtatggttaaccagatttattttagtttaaaaaaaaa,atgttaatttttttaaagttttaat,5,3,-1.40,37
psbB,13.12,0.919,atctattgaaattaccttaaaatgaacattgcactaaaacatttttaaaaatgttttaaaatacttgaagaatttcaagtgtatggctataaaaagaatcatagtaaagtgttaaaggtttaaaaagtaaaattaggtaatttgctaagcagtcccaaaaagagagtgcttttttaaacttatacaactttgctgctgtggagccctccatgtataaataagttctgtaagtaaaacttttaaatacctaaaggacgtcgccttacgtgtaactaaaccacgtaaggcgaccacagtggcagttgtacttgcagagtggttttatactcggtaaggagacaaacacattctctgccaactgccagaaaagaaaaac,aaaaaattttttactgattttttta,5,3,-1.40,376
psbC,12.17,0.852,tttttattattattaaaattgggttgtta,aaatttttttatattattttttagtatctaaaaaaaagcatttgctattagtaggacagttgtcatgttaatggagcttactttaccttagtatataaggtaatttaaatataaaaagatttaaaattatgtttttaattaacaattaaaaacgattaagttgttttaaatcaactttatttaataaatatgatctaaattatttttaaaattactttccaactgcaatttttagcacaaataaattagatcatatttaaaatacaagttataaaattctattcttaaaaacaacattatttttactctgtgttttaaaaatgttggagataagcttttgtccttaattcttttggattaatatggtacaagaggatttttgttgttaaaggtttcaccatatttattatttatatgggtggacgttaaaaattaaaaatttttatttaagcaaaactttatagaaatcaaaataatttgtacggaggtaatgcaaa,5,3,0.00,29
psbD,11.79,0.826,aaaggggcattttcttttaaataataaagtaatataaattaccaatactaattagtattggtaatttatataaaaatata,tgcgtgtatctccaaaataaaaa,5,3,-20.60,80
psbE,11.51,0.806,gatttatgattctgttaagaggaaaatggacgatattcattgtaaaacctaccatatcacaaagtctagaaagtgcgctaaaagcacaatgattagaactaatcttttaccctattagtcatctagactagtgccagttgctcatgtttatttatgaacaatatttttttaaaatcactaaaaagctttctttatctttatggaaactcctatatatatcttatattactatcatattattatttcttgtacgtgagttatgctaactgacatcaatggactttttctttaggatttacgttttttttaatcattatgtgtggtagacccaaattaaatgcctttgccaagatttatatagatggtttgaaaaggtactttttttacttagaaaaaattttctaagtaaaaaaagtttttagattaa,aaaaaatacctcctaagtgtgcttacttagctttttcaacaatttgtctgctttataatcaatgtattatattaaatattataccataaattaatgtt,4,3,-81.47,427
psbF,11.69,0.819,gtattcgtccctaaaagaacgttagtacgctgtagcgaaatcctttctggatatttgtatattccaaagggcggctgtggctgtagatatttacatactccatgctttgcctagatatttatattaggattttaatactcccatgctttgcatagatatttatattcccgtaaggggatgccggaggcattgaaggaggcagttggcaggatatttatatactccgaagggacttcttagccgataggcgaggcaactgcctccttcggagtatataaatatccactggcatcccgtaaggggat,agcttaatacaaaaggtaaaattaccctatttatttttattaatt,5,3,-93.20,305
psbH,12.06,0.845,gcccctgtccccttggccatatttaacagaagttatttataacgcagctgttttttggagtctataaatttataacatcagttactatggatttccctttagttttatggcctaggacgtccccttccccttcgatgctggaggcatccttttacgggacaataaataaatttgttgcctcgcctatcggctaacaagttccttcggagtatataaatataggatgttaatactgctataaactttagttgcccaatatttatattaggacgccagtggcagtggtaccgccactgcctgcttcgcagtatataaatataggcagttggcaggcaactgccactgacgtcctattttaatactcccaagtttacttgcctaggcagttggcaggcaacaaatttatttattgtccactaaaatttatttgcccgaaggggacgtccactaaaatttatttacccgaaggggacgtcctaatataaatatggggatgtcaatgctccgttaggaagtaactaacgtttttcaaataaattttatcccggagggaagtaggcagtagcccgccactgtcatcctttaagtggatctctcgtcaggcaatttgcttacacctttaaattaaaaattaaatttaaagaaaagtgagctattaacgcgtttatcttaacggaaggccagtggcagtggcggtgccactgccgaatataaatatggttgagttgcttagtttaccttagcgaaaagaagacttagcagctagccttaacaaacagttttatattttatgtttgtgttaaataaaa,aattgattaaatgaattaagcgttattagcgctattttatttactttctgtaaaaaataaggaaaatattcttcagtgcattccctctcaggattataaatactctgaggataacgttctctcgtcaaggggttgcttcttgtgagtatagaaacctactagcacaagaaataaattgcataaaaatgtatttacctaggaccgcagtaggcagtcccttttccccttcagaactgcctgctttaaaagaatgaaaaaactgccttgtctggtaagtaaaactctttaattactcactaaagacgatctagaagttctttgttcattttttatttaatataatatttgttatataaaaattaaataatttttaattaatgtttaactttgta,5,3,-273.60,809
psbI,10.32,0.723,gcccctgtccccttggccatatttaacagaagttatttataacgcagctgttttttggagtctataaatttataacatcagttactatggatttccctttagttttatggcctaggacgtccccttccccttcgatgctggaggcatccttttacgggacaataaataaatttgttgcctcgcctatcggctaacaagttccttcggagtatataaatataggatgttaatactgctataaactttagttgcccaatatttatattaggacgccagtggcagtggtaccgccactgcctgcttcgcagtatataaatataggcagttggcaggcaactgccactgacgtcctattttaatactcccaagtttacttgcctaggcagttggcaggcaacaaatttatttattgtccactaaaatttatttgcccgaaggggacgtccactaaaatttatttacccgaaggggacgtcctaatataaatatggggatgtcaatgctccgttaggaagtaactaacgtttttcaaataaattttatcccggagggaagtaggcagtagcccgccactgtcatcctttaagtggatctctcgtcaggcaatttgcttacacctttaaattaaaaattaaatttaaagaaaagtgagctattaacgcgtttatcttaacggaaggccagtggcagtggcggtgccactgccgaatataaatatggttgagttgcttagtttaccttagcgaaaagaagacttagcagctagccttaacaaacagttttatattttatgtttgtgttaaataaaa,aaacttataaaaattatttgctcgttataagcctaaaaaaacgtaggatctctacgagatattacattgtttttttctttaattggctttaatattactttgtatatataaaccaaagtacttgttaatagttattaaattatattaactatacagtacaaagaaattttttgctaaaaaaagt,4,2,-273.60,809
psbJ,5.73,0.402,agctttaaccgtattaggtatgctttgtattattgttagccctaaggaggacacgtaagtaaggttatgttacaagaaaaaattgtaaaacatatttgtttaaaatctggtatatacaatcctatggattgatgcaaaagtctaaataaactgctattttcataacaaatatataaaaagatggattgttggaaaacaaaccatctaaaacgctatgtggaagcttgataagggcttcaaattttttcgaataggcagtaacttgccactaacatcttttttacggagtatgtaaatcccgtaagtgagttgaggcatagccaactgcctaaacaaaaaatttaaatttga,aaatataaaaatggtttcattatttattataaaaatttaaacgctctccaattgatttacaaccttgcaatacaaaaatgccaagcagttaagggctaattctgtattatcagaaggggacaggaggcaagacatttatagactcaacggagcaaagatccctttaaagcatataaatatcgattgctattccctttcaggtccataaatgtccactaaaatctatttccttttagtttacttgtctaggacgccagtggcagtggtaccgccactgcctatttttgcattctccgaaggacgttctcttcccctttcgggatatttatatactccgaaggaggcagttgcctgccaactgactccgaaggagacagttgcctgctaactgacttcgaaggagacagttgcctgccaactgccgatatttatatactccgaagtatatttatatgcttccccttccccttcggtacgtccccttacgggaatataaatattagtggcagttgcctgccaactgcctccttcggagtattaaaatcctaatataaatattgggcaagtaaacttagcatgtttacatactccgaaggaggacgtccccttacgggaatataaatattagtggatatttatatactgcgataaactttagttgcccgaaggggtttacatactccgaaggaggaagcaggcagtggtaccgcccctgcctattttaatacaataaataaatttgttggcaggcaactgctactggcgtcctgaagaggatcgtaactgaaaaatagggtttccaatagataaaattttaggcgatttgtttcacttaagatttattttattgggagtggttcacaactaccgtgatacatcttcgaaagtaagaacaatagtatcaaatgcatatttaaattcaataataaactacaaaaacaatacaaatcactttttataaaaataaaaagcctttattttgcatttaaatataaacgatttgtttttgggacttattaaaaaaa,1,1,-76.20,351
psbK,12.27,0.859,ttttttagcctgttaatatccttctaggaggatagcagttgacaggctttagaccagttaagggtaaataagtacaacctcttctggggttgcttgggaaattgggttgcctgaaagggtttaaaaactcccgttccccttcgggaatataaatattgggcaactcaacttcttaataaggaccgcttactgccaacttttttattttggaattaaaaaggaacttttatttgcggtaactttagaaaaagataaatataccacctatttaatgctat,cgagctttaaggtgagcttattttgttgcgtgtaaatttttaaaatctaaggtgtatagacaaaaatctacattttcatatgctaaaaacatactctttacgggtacgcgaatgttaggtaaattttcacaactaactctatggttgtgggaagaaaaccaaatacatagagatatttttaaaaagatatctctcactttaatagattttattataaatactatcaacaatttcttaaactttttaatgaaggatattt,5,3,-65.70,278
psbL,5.92,0.415,aatttcttattcgattttttttgttgataaacctttaccaacaaaaagtttataaacgcggaggggataacataaatataaatgttatccccttcccctttgggtaaataaattttagtggaaggtacttgccactgccgtcctaagtaaataatataatttgtcagggcagtttcataacgtgtgtaattgttttttataaaaaatatcaaatctgttttttgtttagtaaatacatcttgaagtgtgatgactcc,gccgaaggcaggctatattaatatcaactgacgtcctaatttatggacttttttagaactgcctgcagcttttgggcaagaaaattgattacaatagcctaacctttgagtccatccacagtaaggatagcttaaaatccctaaagggatcgttattttacctagaacacactcaaaaggaaaaggatattatgactttaataaataaccaaaacgttatttttatagttatagacattagttaatgagtaaaataatttataggctatcttttttaatgtaaactcattaaataagttagaccg,1,1,-60.10,257
psbM,7.43,0.521,ggcgtcctaatataaatattagtggacgtccccttcgggcaaataaattttagtggcagttgcctgccaactgccgatatttatatactgcgataaactttagttgcccgaaggggtttacatactccgaaggaggaagcaggcagttgcctgccaacaaatttatttattgtattaaaatcctatatttatatacccaccaggggataccagttgaaatatatttccccgtagggggacagttgtctagtttattgagctaccaactgttgaggtaaatcaatttctatttaaatactgtgaagtgtatgctctaacagacatattaagagcagtgtacccttgagggtcgcaagggagcaaaaggcaaagcagtaacttattagtctgtttccccttccccttacggaacgtcctgccaactgcctccttccccttccccgtcgggacgtgagtggcagttgcctgccaactgccgatatttatatactccaaaggaacttgttagccgataggcgaggcaactaccactaaaatttatttgcccttaggggacacatttatttattgtcccgtaaggggatgccggaagcatcgaaggaggcagtggcggtaccattgccactggcgtccttatgtattagccgataggcgaggcatcacataaatttgctagtattttaatactcagaagggggcagttgctcgcaactgcctccttcgtaatatataaatatttactggtgttctaggtaaataaacttcgagacattagtaaatatccctttctgtataaccgctaaatagaaatgaaagctttgcagttgaataatacgaagacataagcgtgaacaaattaatgtggtactagaaagagatttggattagttaaa,agttatattaataaaactttttataaaaattttaaacttaaaatttctttgttagtaactcccttttgatcaagaatattgacataccgtctagagttacaaagtggagacgtattttaatggtagttgcatctccaatagtttagggagcaaagtgggtcaataaatattttattgacccaaaagtgcaagattctgacaatgatccaactacgttc,2,1,-295.80,893
psbN,6.16,0.432,acaagttaaaaagtactatttttacaagtgacttcggtgcctctgagaaccctagttatagtgatataaaataagtagctaactactttatatttttatgaaagtcattttgtcgagcatataaacaaaaacaaaattgctatactaggcagtcacagtgcaactgtctccgtctccttaaccgagaaagggtaaacgtcttcggtaaagtaacaaactttagttatgttaactcgcttgcgagttaaccattttttttcctccgaaggacaacagttggcagttgccaaactttagtggtctaatatttatattaggcagttggcaggcaactgccactgacgtcccgaaggggaaggggtttacttacctcctaacggagtatataaatagaataaaatttatttcctgcgctagcagatttacatactaggattttaatactccgaaggaggcagtggcggtaccactgccactggcgtcctccttccccttcgggcaaatgcattttagtgccacttaagtttacttgcctaggcagttggcaggacgtcagtggcagtggtaccgcgactgcctatatttatatactcctaagtttacttgcctaggcagttggcaggcaactgccactgacgtccttccccttccccttcgggacgtccccttacgggaatataaatattagtggatatttatatactgcgatgtttacatactccgaaggaggaagcaggcagttgcctgccaactgcctaatataaatattgggcaagtaaacttagaatgtttacatactccgaaggaggacgtccccttacgggaatataaata,atgttgaaaagagaataattttattattaaatgagct,1,1,-331.50,834
psbT,9.59,0.672,agcttctgtaggcttaacttcaaatatattatttaaattctaattaaatgcta,aaaaagtaaaatgtattttgatttttttgaattaagtttaattataaatgcatactttagctacaaagcaaaagt,3,2,-2.90,53
psbZ,7.49,0.525,ttaaggtttaccttttaggttaaaaatatattgtaataaattaagtactttgtaggaaatactctatgcagagatctaaaggttaaaattttttagatgccagcaaattcggtatataaaaaacaaactagtcttttatatgagaatcgaaatatgctagagcatactccttaaagcaacgaagctcttatctgctttttttgttttcctttacgggaatataaatattgttgcaaaaaaaaa,aatttttacaaaattaagaactgtaaatttaaatagataactataataatttatagtaacagtaaccaaaaattcctttaccttgaaaaaacctccaataaaaagtttttaaaactcttttgggttgcaaagcaaccatatatataaacacaaaacgtaaaagtgaacctgctatgctttgtgatcaaagtatatattaacgttgcaccgtgtttgttcacatatagtaaaaaatttgttcctatttctagtaaaatttgtaaagattttatcatctttgtttaaatgggctggttcttttgtagatagctaacgcaatacaatgggcatttatgcaaagcctttacgttttgatcactaattatggtagtattaacttgaaatgtacgccacttcaaaacaggaaatcccaattctgtttgaaatttttatataaccaaagaataaaatgggtctctaaagaccaaaatactctatctaaacagatttagaaaaacttttttactttactagataagtctatttaaacttacgacaactgtttttattgaaaattaactaaatgtttttcgctgagcattataaaatataattaccttaagaaattttatttaccctatgctttgtcccttacgggacgtccccttacgggaatataaatattagtggacgtcagtggcagttgcctccttcggagtattaaaatcctagtatgtaaacctgctagcgcagcaaataaattttgctgcagtatataaatatagaatgttaatactgcggagcaggcagttggcaggacgtccctttccccttacgggatatttatatactcccatgttttgccctttacgggacgccagtggacgtccccttccccttccgggcaagtaaacttagggattttaatgcaataaataaatttgtccccttacgggaatataaatattagtggcagttgcctgccaactgccgaggcaaataaattttagtggacaaatttatttattgttgcctgccaactgccgatatttatatactccgaaggaggcagttgccggccaactgcctgccccgcagtattaacataagcagtgtcggtaccattgccactggcgtcccgttaggtgttcgtagcaggcagtgtcctgccactgcctcctgtggagtatataaatatccctaagtgtacttgcccgtaaagggaaagggaagggtattttatttactttttaggtttagtaataaatgaatcacaggtaatttcactttacatgccataaactctctaatatacgtaaagcttcgctctgcgcaagactaaagtgcccaagctcaaagaaccttttcaagagtaaataaattcccttaagggctaatgagcaaatttaatggttatagttttgtcaagaaacgttagcactgttagtaccaggtttaaaacatttttaatttttaataatgccaacaaacaatgtcgatgtaagaaatggatttatttttttaataaatttaattttatgcgtgaatcaattcgaagcgaatatgaagtgagcggttcaaaaagaacaactaactatggctttagatatatgaaatatctatataactaaattgcacatccttttgtaaataga,2,1,-43.70,243
rbcL,14.27,1,cctaaacaccataaaaataaaaacgatgtttatgctattcacataaacatcatgaaaaataaaaa,ttatataaataaatgtaacttcttttgacgatcctaaaataatctgtccggaaatataatttaaaaattgttgaaaaattttaaatacattt,5,3,-13.80,65
rpl14,8.71,0.61,aaactactttttaaatttttttacaatagtaaaatcgatagttatatgcccgttagaagattaacgccgtcgtattcacatagacaattaattactcgaggtttacttgcctaggattttaatactccgaaggaggcagttggcaggcaactgcctccttccccttcgggcaagtaaacttagcatgtttacatactccgaaggaggacgtccccttacgggaatataaatattagtggcagtggtaccgccactgcctagtatataaatatcggcagttggcaggcaacaataaataaatttgtccactaaaatttatttacccgaaggggacgtccttcggagtatataaatataggattttaatactccgaaggaggcagttggcaggcaactgccactgacgt,atcaaggctgccctttaactttaacctagaatgactaaaaggagtaagcaaataccgagaaatttattttttcacttaatgaaaaaataaattttatctctttctcttttaagcatataaatatgaaggtaagtaaactctactagggaaaagcatagtgttgaagaatatactttcttggaacttccagaggatccaaaaaagtaaacctaaacaagatatacctaattaatgataataatataaaacttttttttaaactt,3,2,-160.30,407
rpl16,8.62,0.604,gattaaactaattttaccataagtattctgttttaataaatttatgcccatgaacgctgccaaaggaggcagtggctcgccactgcccccttacgggtacataaatgtcctaacttgatatttatttacctgtaagggttagcctataggcgaggtaaataaatttaagtcagccatagctattctagagtataacgtgtacgtatccttacgggtacgtacacgttatactcagttagcagggacttgttagcctataagcgagataagtacacttggccaacggtttatattaatatactccagcagaagaacaattaaagtaaaatctaaaaatatctatctttttgctgaagaattgcggaaaaatcgatagtattgttcattgtataaagtgtacgtacccgttaagggtacgtacactttaatgcaagataaacaaaaatcaatacatattactagttactagtataaagtacaattgatttctgtgtatttgtagcttttaaattaaatttttaattaactgttacataaaaatttaaaattataaataaaaac,gattaaactaattttaccataagtattctgttttaataaatttatgcccatgaacgctgccaaaggaggcagtggctcgccactgcccccttacgggtacataaatgtcctaacttgatatttatttacctgtaagggttagcctataggcgaggtaaataaatttaagtcagccatagctattctagagtataacgtgtacgtatccttacgggtacgtacacgttatactcagttagcagggacttgttagcctataagcgagataagtacacttggccaacggtttatattaatatactccagcagaagaacaattaaagtaaaatctaaaaatatctatctttttgctgaagaattgcggaaaaatcgatagtattgttcattgtataaagtgtacgtacccgttaagggtacgtacactttaatgcaagataaacaaaaatcaatacatattactagttactagtataaagtacaattgatttctgtgtatttgtagcttttaaattaaatttttaattaactgttacataaaaatttaaaattataaataaaaac,3,2,-168.60,561
rpl2,9.18,0.643,ctaattaaagataggtcaattaaaacaagtggcctcttttggctatttatttacccccttccccttacgggacaataaataaatttgttggcaggcaactgcctccttccccttcgggcaagtaaacttagaataaaatttatttgctgcgctagcaggtttacatactcctaagtttacttgcccgaaggggaaggaggacgtccccttacgggaatataaatattagtggcagtggtacaataaataaatagtatataaatatcggcagttggcaggcaactgccactgacgtccactaaaatttattctttctcggggacaataaataaatttgtcctgtaaagggacgtaaaatagcagtaagcataagtatggccacttgcttaaatt,tctaataataaatctagctattaagtggtaacctatctatcggctaaaccctttaatatgcaaaggcccgtttaaggtgccaatgcgtagttgaaaaacacctttcccttttcccctgcgggacgccagtagataaatatcggcagttggcaggcaactgccactgacgtcccgtaaggggaaagggacgtcctgccaactgctgaggcaaatgaattttagtggcaatgttaccgccactggcgtcccgtaaggggaaagggaggagctcgaacgaggttcgttagtggtccacttttaattgtttgactcctcatgagagctgaaagacaggctgtaaattttattagtacctaatctataaatagtaaaacaacttaaaaacataatt,3,2,-154.60,393
rpl20,10.3,0.722,ctaattaaagataggtcaattaaaacaagtggcctcttttggctatttatttacccccttccccttacgggacaataaataaatttgttggcaggcaactgcctccttccccttcgggcaagtaaacttagaataaaatttatttgctgcgctagcaggtttacatactcctaagtttacttgcccgaaggggaaggaggacgtccccttacgggaatataaatattagtggcagtggtacaataaataaatagtatataaatatcggcagttggcaggcaactgccactgacgtccactaaaatttattctttctcggggacaataaataaatttgtcctgtaaagggacgtaaaatagcagtaagcataagtatggccacttgcttaaatt,ataaaaaaaaaatcaatttttaatgctagggtaataaaaaggcacgtctgcgggaagattaattgactctgctttgaagaactccaatttatttactagataaacaagttaagcagaaacagtgaaactgcaacagacgattggttaacacaggataataattacttccatttgttctttaagttaatacctttattaaattaatgtgcggcgtacgcagattacgtaaaaagtttatcagtagtaagtatgtatctttatattaccgttaagaagtgaatacacaaccaattacctagaattattttagcatttatttcttataaaggatttattattcacaccatttaaatcatacaagttattacaactttgtagttttaaataggtttaccaaatatggagtttaaactactaaactgaactaaattttcgctatcaccttcaggtatagaaatgcattgcagcaaaaactcaaatttacttcttaagcaaataaagtctaatcagaataaatagaccttctgttaaaaaggtaagagtacaccattaaagcttagtttctaaaagagaaagctaaagtaaacatttacgaacagttcaagcggaggataaatatttttcctttatatttatgaagagtataccaataacacgtagagaaaagggtaaaaagaa,4,2,-153.80,393
rpl23,9.28,0.65,tggctgatttaaaataggcagtggcggtaccactgccactggcgtcctctcaagaacaacaaaagatatttttaaactctaagtttatttgcccaaagaggcagagaaacattgtaccagaaatgacagcttttgtagtttagggatatacatagccaaagctctaggatctatccaaaaatcactgtcatgccgcccctcaaggggaatcagtagactttacagtgtatccctttaccggtatagtaatcttttgcttattttagaagcaagtatcatataaataaaattgtaaataaaaaatatacttaattttttaataaaaagggttatttt,agttcccttttattttaaatagaaaaaaaaacttattaacgtcttttggaggattacacatactgtaaaaacgccaattgtagtcaaaatctagattctggttaggcaatagaggatattttcttttccctgtggaatctataactatagctgctatacagacccgaaagaaagcaatatatactggtcaggaactaaacttctctgttcctaagaagtttacataccacaaaaaacaacggtattacttggttttaagttgtattttaaaataaatgtttggttgatatataaaaaaaaatttcacttttctt,3,2,-71.10,336
rpl36,10.45,0.732,aaatctactttaggaagcccctttccccttccccttcgggacgtccccttcgggcaaataaattttagtggacgtca,tttaattttaaaagtcttttttacattaataaacacttttaattgatgggacatctttagtttttaaaataaataaagatgcaccctcaaactgtcagttcattaacccaaattatttaatttggatgcatataagcgaattgacttcaaaactaataaaattttt,4,3,-18.00,77
rpl5,9.43,0.661,aaatctaagcaaagctccattagaaatttgttagcccccatcgggacgtccccttacgggaatataaatattagtggcagttgcctgccaactgcctatatttatctactcccatgctttgccccttacgggacaataaataaatttgtcccccttcgggcaaataaattgtagtggacgtcagtggcagttgcctgccaactgccgatatttatatactccgaaggaggcagttgcctcgcctatcggctaacaagttccttccccttcgggcaagtaaacttaggagtatataaatatcggca,cccgaaggggaaggacggcaggggacgtctccttacggggacatttatgtcccctgccttttaattcgggggatatgctttgcaattagtagaaaattgcgaataggatttccatataaaattaaaataattctatcttctttaaaatttgatatgagtaatattataataaaatgcttattaagttaaatctttttataaccagttgatttggataaaaagaacacataatgcaaagccaaaatgatagctctcataaaagcagtaggcggtgtaactttcattaaaatttatttactttaaggtgacgtccccttacggatatctaaatatttactgtatcctcgctaaataaattgctatattgtattgtatagcgcattaccttttggcttaacattatctat,3,2,-125.80,305
rpoA,6.52,0.457,ccgaaggaggacgccagtggcagtggtaccgccactgcctccttcggagtattaaaatcctagtatgtaaacctgctagcgcagcaaataaattttatcgcagtatataaatatctgcagttgcctgccaactgccgatatttatatactgcgaaggaggcagttgcctcgcctatcggctaacaagttcctttggagtatataaatataggacgtccccttacgggaatataaatattagtggcagtggtaccgccactgcctgctccgcagtattaacatcctattttaatactcccatgctttgcatagatgccggaggcatcgaaggaggcagtggcggtaccactgcctccttccccttcgggcaagtaaacgtcggagtatataaatatcggcagttggcaggcaactgccactaatatttatattcccgtaaggggacgtcctgccaactgccgaggcaactgccactaatatttatattcccgtaaggggaaaggtaaggggagaaaatctaacctttgttggaggttttttagttgctcaaaggggtttacattcataaactaaaaattttta,accaaaaaattagatgggttttatttataattattcttaacaaaagaataccttataagtcttcaagttgaataacaaaggctgctgcagttgttttgacttctcaaaagggctaaaaagaaagtgtaaccgactactgctgtacaaacatatttataaata,1,1,-282.40,582
rpoB1,6.54,0.458,aatactgcgataaactttagttgcccgaaggggtttacatactcctaagtttacttgccctatatttatatacccgaaggggaaggggaaggagggagcaggcagtggcggcactactgccactggcgtcctccttccccttcgggcaagtaaacttaggacgccagtggcagtggtaccgccactgcctagtatgtaaacattctaagtaaatgaattttattataatcgtccaaaaaggaaaagaacctgcgttaagggtctatatcattatatcataatgtgtattcacataataatgattgtatacactttatgttcctgaaaagactttaaaacttt,atagacagtgagtcatgtttctttgtctaaccctgcattcttccccttcgggcaagtaaacttaagaggatgtaaactcttggaaactaagacacatgcacgccacttaatatttatatacttaggacgccagtggcagtggtattgccactgcctattttaatactccgaaggaggcagtttgctaaacaactgggccttatgttaactcacttgtaagttaacttaaatttatatactataaagcagctaaatacacttccctttaaggctggatggtagcataaggtaatattttatacccaaaagccgatggcaatataatattatacttgaatacggccctattagctcaaaccatcagcaaaaagttatgtaatttatgggaaaagttagcatgttagcttctgaagggatttagctaaaaaagcttaccctggttcaattacctaattgttaggttagttttaaagaaaggtattttctccattatgccatttttttaatttgaattttaaagctaatcaatcaatttccaccttgtgcgtgaaa,1,1,-123.00,342
rpoB2,5.89,0.412,agtcgcaagccactgcaagaatatatagaccgtaaagaacgtgccttcggagatgtttacttctatcccagaaggggaagcatatacatatactgcgataaaatttattggctgcctaggcagttggcaggacgtccccttcgggcaaataaattttagtggcagtggtaccgccactgcctgctccgcagtattaacatcctatatttatatactcctaagtttacttgcccgaaggggaaggaggcaactgccactaatatttatattcccgtaaggggacgtcccgaaggggaaagggaaggaggcaactgccactaatatttatattcccgtaaggggacgtcccgaaggggaaagggaaggaggcaactgccactaatatttatattcccgtaaggggacgtcccgaaggggaaagggaaggaggcaactgccactaatatttatattcccgtaaggggacgtcccgaaggggaaggggaaggaggcagtggcggtaccactgccactgacgtccactggcgtcccaaaagggacgtcccgtaaggggacgtcctttcgaatatgcaaaaaactaaagaatgtattgacttgtaccgggttttccaactgccaatgccatcccattctggtagagaaatttgctaacaagattctaaaaaatgaaagaaccagattcataaagtgattaaaaaaataataaaataatttcatttatgcatagaa,aaaattttgtaatataatttgtaatttcctaataattaattatttttaaaattatgataaaataaacggtttacagaagtagccttgtatcttctggattcttccttgggaggtataaatacacctacctcccttcaaggctgcgtcacatctaatatctatatgccctaattttacttgccatacctatctcctaacgagaatattaatgctacttggcagcaagttcctgttaacgcagtataaatgttacttagtcgtaaagggatttcgttcagattatatgaattgcctggcttagcggctaacaagctttttgggaaaattttaaaataggatgtt,1,1,-254.40,729
rpoC1a,5.6,0.392,cgggaatataaataccttacgggaatataaatattagtggacgtccccttcgggcaaataaattttagtggacgtcagtggcagttgcctgccaactgccgatatttatatactccgaaggaggcagttgcctgccaactgccgatatttatatactcccatgctttgccccttacgggacgtccccttcgggacgtccccttacgggaatataaatattagtggatatttatatactccgaaggaggcagttgcctgccaactgcctccttcggagtattaaatatcctaatataaatattgggcaagtaaacttaggagtatataaatatccactggcgtcccgtgaggggaaggggacgtccttcggagtattaaaatcggcagttggcaggacgtccccgagaatgtaaacctcctaatcaactataagggctgtaaggcgccaagttactgttaacgacatatgaacaaattaattggatcacgaaggacaaaaggcaaatcatggagcaatttaacgttcccctgagtggaatttgatatttagagatcaaaaaaagctggtcatggattatatatgttaactcacaagtgagttaacatatataatccgtgtgagtcagcgaacccatctttttaggtatctagaggtggtgcagttaaata,aataaatattaaaaggattttcttgtagcttaatgtttaataaaatgcaattttatatggtagttctatgtgggtaaagtcctttgaaactaatcccgataaagcattagatctcacacataaacgactgcggggctacaaagtcgaactaacatataaagctttattaagcttaagattttttaaccagaaaaaaccatattttatgtatagctaacaaggctacctcatttggatatataaataacatggccgtgccagcccgaagggggacattggttctgtctcgaggaagtagtaacttattacttactgtgtacctgtaaggggacgccagttggtacatatacctgaagagggtagcaggtagtaactacaattcgcttcgggtataatgaaccatttcggggccctttaagggttgatataacatttta,1,1,-275.50,669
rpoC1b,4.38,0.307,cgggaatataaataccttacgggaatataaatattagtggacgtccccttcgggcaaataaattttagtggacgtcagtggcagttgcctgccaactgccgatatttatatactccgaaggaggcagttgcctgccaactgccgatatttatatactcccatgctttgccccttacgggacgtccccttcgggacgtccccttacgggaatataaatattagtggatatttatatactccgaaggaggcagttgcctgccaactgcctccttcggagtattaaatatcctaatataaatattgggcaagtaaacttaggagtatataaatatccactggcgtcccgtgaggggaaggggacgtccttcggagtattaaaatcggcagttggcaggacgtccccgagaatgtaaacctcctaatcaactataagggctgtaaggcgccaagttactgttaacgacatatgaacaaattaattggatcacgaaggacaaaaggcaaatcatggagcaatttaacgttcccctgagtggaatttgatatttagagatcaaaaaaagctggtcatggattatatatgttaactcacaagtgagttaacatatataatccgtgtgagtcagcgaacccatctttttaggtatctagaggtggtgcagttaaata,aataaatattaaaaggattttcttgtagcttaatgtttaataaaatgcaattttatatggtagttctatgtgggtaaagtcctttgaaactaatcccgataaagcattagatctcacacataaacgactgcggggctacaaagtcgaactaacatataaagctttattaagcttaagattttttaaccagaaaaaaccatattttatgtatagctaacaaggctacctcatttggatatataaataacatggccgtgccagcccgaagggggacattggttctgtctcgaggaagtagtaacttattacttactgtgtacctgtaaggggacgccagttggtacatatacctgaagagggtagcaggtagtaactacaattcgcttcgggtataatgaaccatttcggggccctttaagggttgatataacatttta,1,1,-275.50,669
rpoC2,5.1,0.357,aattctttctttttgttaaaagatttctaaaagtaaagtattaacttt,tatataaaaagctagttatcctgctacctctaccttaccgtctcctaacagaatataaatatactccgacgacgtttagtattatacttagaggcagttgaaatctagttcctccgggagtgcttggtaaccaattttcaatcaaattaaccaagataaatataaaaaatgattttaaaacgtttgactttaatcttccattcgttat,1,1,-4.10,48
rps11,5.81,0.407,tttttaaaaaattaaagatataccaatttattttttgtatacaagttttatagtgcaatatttttataaaatatttccttgattatgcttgagttttagtattttaccatgctcatgtcaaccataaacttgtatacaaaacattaacaattttttatttattgaaattgaaatttatttctatttaaaaatgcag,taagacacattaaaacagtcttagcataatgtgggaattcaatcaaggatcttttcaaaatattacctaatattacatttgacaaaattttccctgcctttaaggtctgctaaaagcaagtattcaataatcaacttcatatattaacaggttttttgacatataaatttctttacttttttgggattttcaatattaaactaaaagatagattttgtcgagataataatttctctataagaggttttacaagaaatctaccaaaactatttacaataaggcacattccctttcattctcagagaagatatgtccattgaatactgcctaaaaaacagctaaagaaacataattgataattatattttaactaccaatatgtcaaactgtatcaaaatcttattcatgacaattaagcattttataccaaacttttgccggaaataaatatacttttaatctccagagcagcctccaaagcaaagcacaaagtcattaaaaagtttacttaagttttaactctcagtagtcatctacaacaacggagtccggtttttataataggtataaaatctaaaatgtcagataagtcaactgattcaatgcgatcagtttatttttttatatt,1,1,-29.70,196
rps12,11.23,0.787,gtgattaaagagcgtttaaattttataaaaaattt,aaaagcaaatttttgatagatttttaaatgtaagctatggcttactattatccttctttaaaaagcctttaacagcctcttaaaaggtaaggttagaatctaccactaaaatcataaaaagtctactataatttataattaaagagaatatttgt,4,3,-1.20,35
rps14,9.38,0.657,ctttcataccaaataagcaattttagttatgtgatggtttaataggacgtccccttcgggcaaataaattttagtggatatttatatacaataaataaatttgttgcctcgcctatcggctaacaagttccttcggagtatataaatataggcagtggcggtaccactgccactaatatttatattcccgtaaggggacgtcctgccaactgcctctttgaaaatcgctacttaatagatatgcatataactaagtttacgatatcaaaacgaaa,attttaaattccattttatattatttatttttattattcaaataaaagaaggatgacttggtacatgtccctactcggaaggagaatgttgcccagcagaaatcgaaaatcagtaataaatataaaagaaaacaattattattttactgttataaaaaagctatcaattcaaaaactgacacgatttatctatatttaataaattacccttttaaaacgtcctttacctagaggcataccactctagagataaactttagtctttctctaatgggtaaatggatgcttcgcaatttgttttctctaacggagagaaagacaatttcgttgctccgaagtaaaattaggaataaagactgttagttgtctattatagaataataatatacttgaagtaaacaattggttggacacaggttgctgccttgatgtttacatactccgaaggaggcagccctgaaaaggacgtccccttacgggacaataaataaatttgttgcctgccaacaaatttatttattgtattaaaataggcagtggcggtaccactgccact,3,2,-93.20,275
rps18,10.09,0.707,taaacctgctagcgcagtaaataaatgttattctaagttgacttgcccgaagtggttagccgataggcgaggcagccaataaatgttatcccgtaaagggatgccagttaaaatttatttacctatcaggcgatatccttcgcagaatattaatctgggagcgcagcctttaacgagttagtagacttccctttcggggctgccacataacaaagacattttatgccataaaggggttatctctaacttattatgtgtctgaagcagaaaagtttgtaaggcattcaatttctattcaaaatccactattgatttttatatttttcttttctattaataacttttttctattaagacaatactagtagataaatcgatatctagctttcgctgagatttaagtacttagcaagttttttataacactggatttg,aaataaataaaaatttaaaatataaattgcgaaatactacttagtaactaaagtagttttttataaaatttgaagcagcttagaccattgagaatacagcttctccataaagcatattaatcttgctgttgtacagccccaaaggaaaatatctaaaccttttcttcttaggaacaccagc,4,2,-88.10,434
rps19,8.09,0.567,ttttttgttatttactgctatttggtacaccttagtttcctaaactaatttctataaactactattctttgcagttaaccggaatataaacatcgactttgggaaaccagttggtaagaacttgttgtcttgcagctctttgcgcgctgccagacggcaagttcttttcccttcggaaggcagctaattatgtttatagtctatttgcaatgccactctgagtaaataaatttcccctttgtgatattaatatgagctgccactaccatcctcttagaagtatataaatatgcactggcatcctagagaaattaattacttttatagctatagaatgcttgttaagggatttactactataaaattaatgtgctccttggggtaaatacacttaataaatccctttaggtatttaaatagcctatttgggtaaaggctttttaaatatgtaataaattatatatattagttttatgtggttttttatatctatgggaactttactttttt,ttacaatattaaaaaaattctagaaataataaagttttggttgataaatttttaacgttaattgtttgtttaaactttatagatatcgggacttagtaagtctaaagtcgctaaaaacaaccagtttcagataaacatttgtttcaactgattggttcgttttgtttatccttagagtttatatatcttaactctatattgggtaaaccactataatggtcatatgttggaaaaattccaataaatttcaatttaatgtggaatttaaaaagctcatatgtacttaaaatagacaattgttaaacatgaatagaaaatattacctacttttatttttataaatacagctttagccattattataaaattcaaaagtcattttaaaaaatcaa,2,2,-101.70,510
rps3,5.97,0.418,ttaacttttaactaaaaactactttttagtctaacatcaaaccttttgttacgctctaagattagttacctttttcgcagaatgtaaaccctttcttatatttttcgaaggaagcagttggcggttctactgccaactgtcatcctttgcagtatgtcaagctgctcgcgatatttatatactagggtttgcatactctgaaagacgtccccttcaggtaaataaattttagtggacgtccccttacgggaatataaatattagtggacaaatttatttattgttgcctgccaactgccgatatttatatactatttatttattgtaccactgccactaaaatttatttgcccgaaggggacgtcctccttcggagtatgtaaacatgctaagtttacttgcccaatatttatattaggcagttggcaggcaactgccactaatatttatattcccgtaaggggacgtcccgaaggggaaggggaaggaggcagttgcctcgcctatcggctaacaagttccttcggagtatataaatataggattttaatacaatttatttattgtaccactgccactaatatttatattcccgtaaggggacgtcctccttcggagtatgtaaacatgctaagtttacttgcccgaaggggaaggaggcagtggtggtaccactgccactggcgtcctaatataaatattagtggacgtcagtggcagttgcctgccaactgccgatatttatatactgcgaagcaggcagttgcctcctttggagtatataaatataggcagtggcggtaccactgccactggcgtcctgccaactgccgaggcaaataaattttagtggcagtggtaccgccactgacgtccactaatatttatattaggcagttggcaggcaacaaattgatttattgtcccgtaaggggacgtcccgaaggggaagggggacggagcatgaacatcccgaagtttacttgcctaggcagttggcaggcaactgccactgacgtccttccccttcgggcaagtaaacttaggagtatataaatatcccgtaaggggaaggggacgtcctttatacatattacataaaagaatgtcttcaaataattataatcatacgttttgataaaacgactggggac,tacttagatactttcgtagctccatttacttgccggggatttgttagctcttttcaaagaaatgatttttcacgttggaaaaatcaactttgtatttagtactctactaacaaatactatttaattcctagtaatggagtagtattggatggttaattcttattttaaacagagtaagcattacttacttgtaattttaattataattaaatttatttataaacaggttctaaagaagctataacacacattgtattttattttttttaacgttgtacaaatgtttagaataaaaatacgtgttttgcaccttgaaatggctccagttttctaaactaatgtttcaaaggagatgtgttcaacatcaattagcttactttaatttcatttaaaaaatttgt,1,1,-502.90,1154
rps4,9.84,0.69,tttaatcggtaaaattcccaggtagttgcacctttcccttcaggacgtccccttccccttcgggacaataaataaatttgttgcctgccaacaaatttatttattgtattaaaatagaataaaatttatttgctgcggtagcaggtttacatacaatttatttattgtaccactgccactggcgtcctccttcggagtatgtaaacatgctaagtttacttgcccaatatttatattaggcagttggcaggcaactgccactaaaatttatttacccgaaggggacgtcccgaaggggaaggggaaggaggacgtccccttacgggaatataaatattagtggacgtcagtggcggtaccactgccactggcgtcctatatttatatactcctaagtttacttgcccaatatttatatacccgaaggggaaggggaagcatataaatatacttcggagtatataaatataggatgttaatactgcggagcaggcagttggcaggacgtccccttcgggattttaatgctccgttaggaggcaaataaattttagtggcagtggtaccgccactgcctgcttcctccttcggagtatgtaaaccccttcgggcaactaaagtttatcgcagtatataaatataggcagttggcaggcaactgccactgacgtcctatatttatatactccgaaggaacttgttagccgataggcgaggcaactgccactaaaatttatttgcccgaaggggacgtccactaatatttatattcccgtaaggggacaaatttatttattgcattaaaatccctaagtttacttgcctccttcggagtatataaatatcccgtaaggggaaggggacgtcctagtatataaatatcggcagttggcaggcaacaaatttatttattgtcccgtaagggtttgcaagaatactgtaaggggatgtctttttaaattcaattcaaaaaaatcaaataaaaactattataattttgaccaaattaccaaataaattaccagattaaatgtattttattttccaaattataccagtaattggttctcttaaattaaattaaattaatttaatttaattcatattaaaaaagtgtaaaataaagtgtaaaataaagtgtaaaataaagtgtaaaataaagtgtaaaataaagtgtaaaataaagtgtaaaataaagtaccccaataaacctatttagaatacacacatg,gtttatttaaaataaataaaaaatt,3,2,-448.80,1231
rps7,9.19,0.644,tgtaaacctgctagcgcagcaaataaattttatcacagtatataaatatagaatgtttacatactccgaaggaggacgtccccttcgggtaaataaattttagtggcagtggtaccgccactgcctgcttcctccttccccttcgggcaagtaaacttcggagtatgtaaaccccttcgggcaactaaagtttatcgcagtatataaatataggacgccagtggcagtggtaccgccactgcctatgttaatacaataaataaatttgttggcaggcaacaaatttatttattgtcccgtaaggggacgtccacaggcgtcccgaaggtgaagaggacgtcttacggagtatataaatatcccataagggaaataggaagatgaaaaatttagcgcttagacgaggacctcttagagtttaaactgtttaagaggtggctttcaaggagaacaagtcaacttcaagcggaaaaacatttatatgccttaagaaactaataa,ttttattttaaaaaagcatcattatttttactaaatggttaaaatagatgcaaa,3,2,-170.40,501
rps8,6.35,0.445,aggggacgtcctgccaactgccgatatttatataccccgaagtatatttatatgcttccccttcggggctgcacggcagccatatttatattccaggtagggataggttaaaaaaatggctttcgccaaaaaaaataaattaaggctaactaagcttattaaaatacagagtttatttattcgaagagcgcgatcatggaaattgactgcctcgtttattagataactgtttcaggtaaatctattttttctctgggtaagtccactgccttagttaccttaaagggtttatcactaccacctataaagatccagatatatatggtttgtattattatcttttcttggtaataaaacaaaaatcttaccagagacaaaacggataaatcgaaccatatacaacaataaattattttttaaaacgcaagtccttttttaagatagttattattaaccattatgttgcacatactcctctattataatataagaatggactgctataatataagaatggactgcaagaaattatgctttatcgctttctttagaatataccaatatccactaaaggttgacactgttgacttgcttgcaggagtttaacgagcgtccttctcatataatattcaagactcaaaagtataaagaggcactgttacggcaacttttttaagaataataaaaattttttttgttttttttt,aggggacgtcctgccaactgccgatatttatataccccgaagtatatttatatgcttccccttcggggctgcacggcagccatatttatattccaggtagggataggttaaaaaaatggctttcgccaaaaaaaataaattaaggctaactaagcttattaaaatacagagtttatttattcgaagagcgcgatcatggaaattgactgcctcgtttattagataactgtttcaggtaaatctattttttctctgggtaagtccactgccttagttaccttaaagggtttatcactaccacctataaagatccagatatatatggtttgtattattatcttttcttggtaataaaacaaaaatcttaccagagacaaaacggataaatcgaaccatatacaacaataaattattttttaaaacgcaagtccttttttaagatagttattattaaccattatgttgcacatactcctctattataatataagaatggactgctataatataagaatggactgcaagaaattatgctttatcgctttctttagaatataccaatatccactaaaggttgacactgttgacttgcttgcaggagtttaacgagcgtccttctcatataatattcaagactcaaaagtataaagaggcactgttacggcaacttttttaagaataataaaaattttttttgttttttttt,1,1,-144.50,706
rps9,8.56,0.6,taccctaagtttactcattctaggggaaggggacgtccactgccatcctgctcctgcaaatagttatagattccgaaagaagttaataaatttggactgctaactattacacttctttggaggacataaatattccattataaagaaagaataaatggttaaaatttagaagttaataaaattaaaatccaaatttaaggta,acaaaaataaatttttaatttgctttatttctatattttttaaaagacatccgacaccccttttaaaatacaacataatacctaaaagcaactgaaaaaacaatgagagattttttcatcttttgctaaagccatattacacttcccatataaaattttttatgctctccttctggtaagtaacctattttttaggttatatgactgatttcggccaataaattttaataggagtttcaaatgtattgtacatatcgggaaaatgcttgtcacaaatttttaattcgcacatgcgttaaattatcaaaaatcgtctttcaaaaatataaatgttaccatttaaattgaaattaaactcacaagcaatcaaaataaactataaaaaatattttgcaaataaacacaagggaatttagtttcctgttga,3,2,-42.80,202
tufA,10.6,0.743,tttcacatttaaattcactaacgagcccttaacggacgtcccctttgggatgccaaggctctgttaggatataatactgcgtaagcaggaatttgctatttatttacccgaaaaggttcgaccataggtgaggacaaatttatttattgtggtaccgccactgcctccttcggagtattaaaatcctatatttatattctctgaaaaaagttcccttcgggt,aattggattatatagcaataacactattaagaactatatattaaaatgtcaatactatcccgtagggactatgaaactaaaacacctatccgaatgttaatgcttagtgagcaaagtatgcagtatttatctacaaaaaaggagaaactcttacctctggttagaggtttcttttttaatgtttgaagcattaacaatctaattccaaaagaagtgactaaataataatttattaaataacacat,4,3,-61.10,222
ycf12,7.55,0.529,gtcactttcaggtacatacattttataaggctagcaattgctatgctattttaaa,atgaaaaatttttttttatatacaaaatcaaaaagtaacaagaacataaactttaaataatg,2,1,-3.90,55
ycf3,8.06,0.565,ggcagtggtggtaccactgccgctggcggcctaggtaaataaaattgccactgaggggctgcaatttgttttaatttatatcaataggtatttatattttccttacaaagtattaaaatatggcttagagaagagtaaaaatcaatctggcaacttcaagtcaaaagggtcaacatctttt,taaaaataaaatcagcgatttattgaaactaagtacttataactataacaattacatttttgtactgtagtaatattaggcaacgtgcct,2,2,-33.40,181
ycf4,7.15,0.501,tttaagctgcgccaaaggtgcagcttaataacatctgtttagacgttttgtttttaatttaatctctataaaattttaaaatcagtatt,atagaattgattgagtttaaagaaatttatatcctccaaaggacggcaatgaacgtccccttacgggacaataaatagaatgtttacatactccgaaggaggacgtcagtggcagttggcaggcaacaataaataaatttgtccactaaaatttatttacccgaaggggacgtcctaatataaatattagttcatttttata,2,1,-19.90,89
